sample_id,no_data,clouds,artificial,cultivated,broadleaf,coniferous,herbaceous,natural,snow,water
1,0.0,0.0,0.037689208984375,0.751800537109375,0.063507080078125,0.0,0.147003173828125,0.0,0.0,0.0
10,0.0,0.0,0.001373291015625,0.3448028564453125,0.5220947265625,0.0040283203125,0.1277008056640625,0.0,0.0,0.0
101,0.0,0.0,0.0059356689453125,0.23516845703125,0.4718475341796875,0.0079803466796875,0.2790374755859375,0.0,0.0,3.0517578125e-05
102,0.0,0.0,0.00054931640625,0.1693572998046875,0.6380462646484375,0.00653076171875,0.185516357421875,0.0,0.0,0.0
103,0.0,0.0,0.0036468505859375,0.0485076904296875,0.4082489013671875,0.0238494873046875,0.512420654296875,0.0,0.0,0.003326416015625
104,0.0,0.0,0.00250244140625,0.17864990234375,0.541412353515625,0.016387939453125,0.26104736328125,0.0,0.0,0.0
105,0.0,0.0,0.0085601806640625,0.153045654296875,0.58685302734375,0.0417938232421875,0.209747314453125,0.0,0.0,0.0
106,0.0,0.0,0.007537841796875,0.1863861083984375,0.5233917236328125,0.072540283203125,0.2086944580078125,0.0,0.0,0.0014495849609375
107,0.0,0.0,0.02008056640625,0.28167724609375,0.4735260009765625,0.007965087890625,0.2151031494140625,0.0,0.0,0.00164794921875
108,0.0,0.0,0.0232696533203125,0.22015380859375,0.5642547607421875,0.00665283203125,0.1856689453125,0.0,0.0,0.0
109,0.0,0.0,0.0113067626953125,0.393341064453125,0.4326324462890625,0.012542724609375,0.150177001953125,0.0,0.0,0.0
11,0.0,0.0,0.0019683837890625,0.0959014892578125,0.6888580322265625,0.007049560546875,0.1964874267578125,0.0,0.0,0.009735107421875
111,0.0,0.0,0.0010223388671875,0.3330535888671875,0.4395294189453125,0.061431884765625,0.1649627685546875,0.0,0.0,0.0
112,0.0,0.0,0.0011749267578125,0.266845703125,0.5129852294921875,0.083251953125,0.1357421875,0.0,0.0,0.0
113,0.0,0.0,0.004730224609375,0.3595123291015625,0.4489288330078125,0.0685882568359375,0.1182403564453125,0.0,0.0,0.0
114,0.0,0.0,0.0088043212890625,0.37152099609375,0.381591796875,0.0239715576171875,0.2140960693359375,0.0,0.0,1.52587890625e-05
115,0.0,0.0,0.014312744140625,0.0937652587890625,0.2857666015625,0.0213775634765625,0.5836029052734375,0.0,0.0,0.0011749267578125
116,0.0,0.0,0.00201416015625,0.2635498046875,0.436126708984375,0.132171630859375,0.1661376953125,0.0,0.0,0.0
117,0.0,0.0,0.0048065185546875,0.23406982421875,0.3583221435546875,0.1473541259765625,0.2549896240234375,0.0,0.0,0.000457763671875
118,0.0,0.0,0.004119873046875,0.1932830810546875,0.5087432861328125,0.07745361328125,0.2159423828125,0.0,0.0,0.000457763671875
119,0.0,0.0,0.0021514892578125,0.143646240234375,0.5514068603515625,0.2067108154296875,0.095703125,0.0,0.0,0.0003814697265625
12,0.0,0.0,0.0007476806640625,0.1528472900390625,0.74444580078125,0.021453857421875,0.079925537109375,0.0,0.0,0.000579833984375
120,0.0,0.0,0.0005340576171875,0.0713653564453125,0.6103057861328125,0.213134765625,0.102447509765625,0.0,0.0,0.0022125244140625
121,0.0,0.0,0.0201873779296875,0.1259613037109375,0.4849853515625,0.1582183837890625,0.2106475830078125,0.0,0.0,0.0
122,0.0,0.0,0.038177490234375,0.2220001220703125,0.386016845703125,0.12103271484375,0.2327728271484375,0.0,0.0,0.0
124,0.0,0.0,0.0208892822265625,0.551055908203125,0.1930084228515625,0.0057525634765625,0.2245330810546875,0.0,0.0,0.0047607421875
125,0.0,0.0,0.0129852294921875,0.684356689453125,0.0818634033203125,0.0056304931640625,0.2093505859375,0.0,0.0,0.0058135986328125
126,0.0,0.0,0.009674072265625,0.0815277099609375,0.2300872802734375,0.0130157470703125,0.6656951904296875,0.0,0.0,0.0
127,0.0,0.0,0.0107879638671875,0.714874267578125,0.069793701171875,0.00250244140625,0.1936492919921875,0.0,0.0,0.008392333984375
128,0.0,0.0,0.0271148681640625,0.7221527099609375,0.0970458984375,0.0085906982421875,0.144317626953125,0.0,0.0,0.0007781982421875
129,0.0,0.0,0.027130126953125,0.486602783203125,0.169342041015625,0.027435302734375,0.2884979248046875,0.0,0.0,0.0009918212890625
13,0.0,0.0,0.0016632080078125,0.15521240234375,0.6696624755859375,0.0465545654296875,0.123748779296875,0.0,0.0,0.0031585693359375
131,0.0,0.0,0.00994873046875,0.42755126953125,0.1241302490234375,0.005950927734375,0.4324188232421875,0.0,0.0,0.0
132,0.0,0.0,0.0118255615234375,0.5723724365234375,0.0678863525390625,0.00439453125,0.3435211181640625,0.0,0.0,0.0
134,0.0,0.0,0.006744384765625,0.630523681640625,0.1479644775390625,0.0267333984375,0.1843414306640625,0.0,0.0,0.003692626953125
135,0.0,0.0,0.0061798095703125,0.651092529296875,0.1228485107421875,0.033843994140625,0.1847991943359375,0.0,0.0,0.0012359619140625
136,0.0,0.0,0.00909423828125,0.5324249267578125,0.144256591796875,0.03656005859375,0.2776641845703125,0.0,0.0,0.0
137,0.0,0.0,0.0160675048828125,0.1624755859375,0.2446746826171875,0.017730712890625,0.5548858642578125,0.0,0.0,0.0041656494140625
139,0.0,0.0,0.0049591064453125,0.435791015625,0.3411407470703125,0.0648040771484375,0.1533050537109375,0.0,0.0,0.0
14,0.0,0.0,0.0049896240234375,0.0745391845703125,0.7874603271484375,0.0242462158203125,0.1079864501953125,0.0,0.0,0.0007781982421875
140,0.0,0.0,0.006561279296875,0.5045623779296875,0.285552978515625,0.02947998046875,0.1738433837890625,0.0,0.0,0.0
141,0.0,0.0,0.00408935546875,0.468658447265625,0.3413543701171875,0.0525360107421875,0.13336181640625,0.0,0.0,0.0
142,0.0,0.0,0.0015716552734375,0.5400543212890625,0.3627471923828125,0.0232696533203125,0.072357177734375,0.0,0.0,0.0
143,0.0,0.0,0.00250244140625,0.3588714599609375,0.510650634765625,0.026214599609375,0.1017608642578125,0.0,0.0,0.0
144,0.0,0.0,0.00054931640625,0.2673797607421875,0.485382080078125,0.0353851318359375,0.2110595703125,0.0,0.0,0.000244140625
145,0.0,0.0,0.0107269287109375,0.106719970703125,0.6157684326171875,0.022705078125,0.24066162109375,0.0,0.0,0.00341796875
146,0.0,0.0,0.0253448486328125,0.20556640625,0.47808837890625,0.012725830078125,0.2782745361328125,0.0,0.0,0.0
147,0.0,0.0,0.0013275146484375,0.1384124755859375,0.5356597900390625,0.04132080078125,0.2826080322265625,0.0,0.0,0.00067138671875
149,0.0,0.0,0.007659912109375,0.2382049560546875,0.35223388671875,0.027862548828125,0.373870849609375,0.0,0.0,0.0001678466796875
15,0.0,0.0,0.0090179443359375,0.0922698974609375,0.476409912109375,0.023468017578125,0.3983154296875,0.0,0.0,0.000518798828125
150,0.0,0.0,0.0301666259765625,0.3996734619140625,0.208648681640625,0.028076171875,0.3331451416015625,0.0,0.0,0.0002899169921875
151,0.0,0.0,0.0103302001953125,0.69195556640625,0.0928192138671875,0.0232086181640625,0.1816864013671875,0.0,0.0,0.0
152,0.0,0.0,0.01324462890625,0.6134033203125,0.1357574462890625,0.06842041015625,0.1691741943359375,0.0,0.0,0.0
153,0.0,0.0,0.0379180908203125,0.668060302734375,0.1262359619140625,0.0337677001953125,0.1340179443359375,0.0,0.0,0.0
154,0.0,0.0,0.0210113525390625,0.3647003173828125,0.3761138916015625,0.0191802978515625,0.218994140625,0.0,0.0,0.0
155,0.0,0.0,0.0049591064453125,0.424224853515625,0.3470306396484375,0.0510711669921875,0.1727142333984375,0.0,0.0,0.0
156,0.0,0.0,0.00439453125,0.75164794921875,0.1428680419921875,0.0261688232421875,0.074188232421875,0.0,0.0,0.000732421875
157,0.0,0.0,0.0048065185546875,0.6944427490234375,0.14202880859375,0.0450592041015625,0.11212158203125,0.0,0.0,0.0015411376953125
158,0.0,0.0,0.00628662109375,0.5045928955078125,0.219268798828125,0.0746917724609375,0.1943511962890625,0.0,0.0,0.0008087158203125
159,0.0,0.0,0.0047607421875,0.1670379638671875,0.2572021484375,0.0283050537109375,0.529327392578125,0.0,0.0,0.01336669921875
16,0.0,0.0,0.0047149658203125,0.1628875732421875,0.627197265625,0.0251922607421875,0.179656982421875,0.0,0.0,0.0003509521484375
160,0.0,0.0,0.0099029541015625,0.3444366455078125,0.2855682373046875,0.1404571533203125,0.219146728515625,0.0,0.0,0.00048828125
161,0.0,0.0,0.0041351318359375,0.410308837890625,0.298614501953125,0.1328887939453125,0.154052734375,0.0,0.0,0.0
162,0.0,0.0,0.0129547119140625,0.3295440673828125,0.2771453857421875,0.0757904052734375,0.304046630859375,0.0,0.0,0.000518798828125
163,0.0,0.0,0.0060577392578125,0.1386260986328125,0.4821929931640625,0.14544677734375,0.2271575927734375,0.0,0.0,0.000518798828125
164,0.0,0.0,0.0023193359375,0.096343994140625,0.5576629638671875,0.1446685791015625,0.199005126953125,0.0,0.0,0.0
165,0.0,0.0,0.001312255859375,0.08660888671875,0.5436859130859375,0.21734619140625,0.15020751953125,0.0,0.0,0.0008392333984375
167,0.0,0.0,0.0178070068359375,0.3979034423828125,0.3129119873046875,0.082183837890625,0.18896484375,0.0,0.0,0.0002288818359375
168,0.0,0.0,0.0045623779296875,0.29144287109375,0.2612457275390625,0.1905517578125,0.2512359619140625,0.0,0.0,0.0009613037109375
169,0.0,0.0,0.0177001953125,0.5766143798828125,0.1638031005859375,0.0081787109375,0.23260498046875,0.0,0.0,0.0010986328125
17,0.0,0.0,0.0724029541015625,0.3534088134765625,0.2894744873046875,0.0137481689453125,0.2708740234375,0.0,0.0,9.1552734375e-05
171,0.0,0.0,0.013031005859375,0.702362060546875,0.095916748046875,0.00439453125,0.181610107421875,0.0,0.0,0.002685546875
172,0.0,0.0,0.01007080078125,0.6978759765625,0.0478057861328125,0.0030670166015625,0.236572265625,0.0,0.0,0.004608154296875
173,0.0,0.0,0.0466156005859375,0.77099609375,0.031585693359375,0.0001678466796875,0.1450653076171875,0.0,0.0,0.0055694580078125
174,0.0,0.0,0.0457916259765625,0.575164794921875,0.089080810546875,0.0109710693359375,0.2786407470703125,0.0,0.0,0.0003509521484375
175,0.0,0.0,0.0157012939453125,0.448974609375,0.104827880859375,0.0133819580078125,0.4171142578125,0.0,0.0,0.0
176,0.0,0.0,0.0133819580078125,0.5826568603515625,0.0719451904296875,0.0057373046875,0.3262786865234375,0.0,0.0,0.0
177,0.0,0.0,0.0117950439453125,0.5881805419921875,0.1245269775390625,0.013427734375,0.2620697021484375,0.0,0.0,0.0
178,0.0,0.0,0.0052032470703125,0.50152587890625,0.196624755859375,0.0293426513671875,0.267059326171875,0.0,0.0,0.000244140625
180,0.0,0.0,0.0268707275390625,0.5882720947265625,0.150115966796875,0.061767578125,0.17169189453125,0.0,0.0,0.00128173828125
181,0.0,0.0,0.0153045654296875,0.20294189453125,0.2577972412109375,0.032012939453125,0.48773193359375,0.0,0.0,0.00421142578125
182,0.0,0.0,0.0053253173828125,0.419769287109375,0.2356719970703125,0.0569915771484375,0.2789459228515625,0.0,0.0,0.0032958984375
183,0.0,0.0,0.011962890625,0.4243316650390625,0.2020263671875,0.0785369873046875,0.2798919677734375,0.0,0.0,0.0032501220703125
184,0.0,0.0,0.014190673828125,0.4452056884765625,0.177642822265625,0.12298583984375,0.2399749755859375,0.0,0.0,0.0
185,0.0,0.0,0.00079345703125,0.3765716552734375,0.2291412353515625,0.2447357177734375,0.148468017578125,0.0,0.0,0.0002899169921875
186,0.0,0.0,0.0040435791015625,0.645294189453125,0.139312744140625,0.10675048828125,0.104583740234375,0.0,0.0,1.52587890625e-05
187,0.0,0.0,0.003570556640625,0.6459808349609375,0.1727752685546875,0.01959228515625,0.1580810546875,0.0,0.0,0.0
188,0.0,0.0,0.00189208984375,0.541290283203125,0.278564453125,0.0313873291015625,0.1468658447265625,0.0,0.0,0.0
189,0.0,0.0,0.0011444091796875,0.4164886474609375,0.275421142578125,0.0693359375,0.23760986328125,0.0,0.0,0.0
19,0.0,0.0,0.003204345703125,0.098876953125,0.6658477783203125,0.0438690185546875,0.188201904296875,0.0,0.0,0.0
190,0.0,0.0,0.0038299560546875,0.242767333984375,0.404266357421875,0.0663604736328125,0.28277587890625,0.0,0.0,0.0
191,0.0,0.0,0.0079345703125,0.13494873046875,0.455718994140625,0.03521728515625,0.366058349609375,0.0,0.0,0.0001220703125
192,0.0,0.0,0.00592041015625,0.210540771484375,0.3946075439453125,0.036163330078125,0.35015869140625,0.0,0.0,0.0026092529296875
193,0.0,0.0,0.0088348388671875,0.1785430908203125,0.3703765869140625,0.040924072265625,0.4010162353515625,0.0,0.0,0.00030517578125
194,0.0,0.0,0.0016021728515625,0.313385009765625,0.3802490234375,0.0324249267578125,0.2723388671875,0.0,0.0,0.0
195,0.0,0.0,0.001373291015625,0.5232696533203125,0.2799224853515625,0.0478668212890625,0.1446990966796875,0.0,0.0,0.00286865234375
196,0.0,0.0,0.001922607421875,0.6685028076171875,0.1739044189453125,0.041412353515625,0.1097869873046875,0.0,0.0,0.0044708251953125
197,0.0,0.0,0.001678466796875,0.5230712890625,0.14398193359375,0.1963653564453125,0.134765625,0.0,0.0,0.0001373291015625
198,0.0,0.0,0.00946044921875,0.46661376953125,0.2164459228515625,0.12646484375,0.180877685546875,0.0,0.0,0.0001373291015625
199,0.0,0.0,0.02386474609375,0.44940185546875,0.236083984375,0.043670654296875,0.246978759765625,0.0,0.0,0.0
2,0.0,0.0,0.1064910888671875,0.7860870361328125,0.0278167724609375,0.00042724609375,0.0791778564453125,0.0,0.0,0.0
20,0.0,0.0,0.01580810546875,0.2584228515625,0.382476806640625,0.0292816162109375,0.3140106201171875,0.0,0.0,0.0
200,0.0,0.0,0.0034332275390625,0.243438720703125,0.3379974365234375,0.1364593505859375,0.2786712646484375,0.0,0.0,0.0
202,0.0,0.0,0.0001983642578125,0.467742919921875,0.33807373046875,0.0597686767578125,0.1298065185546875,0.0,0.0,0.0044097900390625
203,0.0,0.0,0.0204925537109375,0.100860595703125,0.4401092529296875,0.0211944580078125,0.413787841796875,0.0,0.0,0.0035552978515625
204,0.0,0.0,0.0045928955078125,0.611541748046875,0.157562255859375,0.0366973876953125,0.1887969970703125,0.0,0.0,0.0008087158203125
205,0.0,0.0,0.007354736328125,0.3458709716796875,0.208709716796875,0.197113037109375,0.2409515380859375,0.0,0.0,0.0
206,0.0,0.0,0.003875732421875,0.51214599609375,0.2240753173828125,0.10992431640625,0.1499786376953125,0.0,0.0,0.0
207,0.0,0.0,0.0068206787109375,0.4013214111328125,0.329620361328125,0.0673980712890625,0.1948394775390625,0.0,0.0,0.0
208,0.0,0.0,0.0058135986328125,0.2476806640625,0.45916748046875,0.1279296875,0.1594085693359375,0.0,0.0,0.0
209,0.0,0.0,0.0067596435546875,0.164337158203125,0.4979248046875,0.06365966796875,0.2673187255859375,0.0,0.0,0.0
210,0.0,0.0,0.0020599365234375,0.2452545166015625,0.402587890625,0.111358642578125,0.2386474609375,0.0,0.0,9.1552734375e-05
211,0.0,0.0,0.0116119384765625,0.3779754638671875,0.30194091796875,0.0863189697265625,0.2221527099609375,0.0,0.0,0.0
212,0.0,0.0,0.01470947265625,0.4723663330078125,0.2343902587890625,0.05731201171875,0.221221923828125,0.0,0.0,0.0
213,0.0,0.0,0.008819580078125,0.5966796875,0.14947509765625,0.0361328125,0.207763671875,0.0,0.0,0.001129150390625
214,0.0,0.0,0.0380706787109375,0.152252197265625,0.4284210205078125,0.032958984375,0.344573974609375,0.0,0.0,0.00372314453125
216,0.0,0.0,0.00616455078125,0.596923828125,0.1247100830078125,0.0121917724609375,0.260009765625,0.0,0.0,0.0
217,0.0,0.0,0.0147247314453125,0.4004364013671875,0.127410888671875,0.010162353515625,0.4468994140625,0.0,0.0,0.0003662109375
218,0.0,0.0,0.0058135986328125,0.3587188720703125,0.1427459716796875,0.0092926025390625,0.48291015625,0.0,0.0,0.000518798828125
219,0.0,0.0,0.0181121826171875,0.412017822265625,0.0832366943359375,0.0045013427734375,0.481781005859375,0.0,0.0,0.0003509521484375
22,0.0,0.0,0.005401611328125,0.3831329345703125,0.404388427734375,0.044525146484375,0.1625518798828125,0.0,0.0,0.0
220,0.0,0.0,0.009613037109375,0.509552001953125,0.1810455322265625,0.025604248046875,0.2733612060546875,0.0,0.0,0.000823974609375
221,0.0,0.0,0.01141357421875,0.5626373291015625,0.213653564453125,0.01519775390625,0.1958465576171875,0.0,0.0,0.001251220703125
222,0.0,0.0,0.0126190185546875,0.4892730712890625,0.1308135986328125,0.0375213623046875,0.3267822265625,0.0,0.0,0.00299072265625
223,0.0,0.0,0.005157470703125,0.513824462890625,0.14324951171875,0.0572357177734375,0.27679443359375,0.0,0.0,0.0037384033203125
224,0.0,0.0,0.0070037841796875,0.661041259765625,0.1211395263671875,0.0291748046875,0.1778564453125,0.0,0.0,0.0037841796875
225,0.0,0.0,0.0064544677734375,0.1519775390625,0.65130615234375,0.0644989013671875,0.1257476806640625,0.0,0.0,1.52587890625e-05
227,0.0,0.0,0.0059814453125,0.418121337890625,0.208709716796875,0.0769195556640625,0.289947509765625,0.0,0.0,0.0003204345703125
228,0.0,0.0,0.0009765625,0.5565338134765625,0.1632537841796875,0.0689849853515625,0.2050018310546875,0.0,0.0,0.0052490234375
229,0.0,0.0,0.010589599609375,0.5315399169921875,0.141754150390625,0.0385284423828125,0.2703857421875,0.0,0.0,0.0072021484375
23,0.0,0.0,0.020355224609375,0.4694366455078125,0.178375244140625,0.0301666259765625,0.301666259765625,0.0,0.0,0.0
230,0.0,0.0,0.017669677734375,0.380645751953125,0.2488555908203125,0.0953369140625,0.255584716796875,0.0,0.0,0.0019073486328125
231,0.0,0.0,0.0010528564453125,0.2190704345703125,0.3754730224609375,0.1834716796875,0.2209320068359375,0.0,0.0,0.0
232,0.0,0.0,0.00384521484375,0.353668212890625,0.218597412109375,0.191741943359375,0.231781005859375,0.0,0.0,0.0003662109375
233,0.0,0.0,0.0095977783203125,0.40435791015625,0.2199249267578125,0.0978546142578125,0.267913818359375,0.0,0.0,0.0003509521484375
236,0.0,0.0,0.0030059814453125,0.4079132080078125,0.2108154296875,0.060546875,0.3176422119140625,0.0,0.0,7.62939453125e-05
237,0.0,0.0,0.0130767822265625,0.3010406494140625,0.1569976806640625,0.01275634765625,0.511810302734375,0.0,0.0,0.0043182373046875
238,0.0,0.0,0.029052734375,0.1626434326171875,0.3562774658203125,0.0475616455078125,0.4029541015625,0.0,0.0,0.0015106201171875
239,0.0,0.0,0.0175933837890625,0.40826416015625,0.3668365478515625,0.0115966796875,0.1949462890625,0.0,0.0,0.000762939453125
24,0.0,0.0,0.0076141357421875,0.1932525634765625,0.3555450439453125,0.0592803955078125,0.384307861328125,0.0,0.0,0.0
240,0.0,0.0,0.0034942626953125,0.3206329345703125,0.4153900146484375,0.02166748046875,0.238037109375,0.0,0.0,0.0007781982421875
241,0.0,0.0,0.0049896240234375,0.1449127197265625,0.52520751953125,0.0618438720703125,0.2592926025390625,0.0,0.0,0.003753662109375
242,0.0,0.0,0.003021240234375,0.22503662109375,0.585845947265625,0.04461669921875,0.13690185546875,0.0,0.0,0.00457763671875
243,0.0,0.0,0.0034942626953125,0.3470458984375,0.3763580322265625,0.1007537841796875,0.172210693359375,0.0,0.0,0.0001373291015625
244,0.0,0.0,0.005615234375,0.30780029296875,0.3791351318359375,0.0951080322265625,0.2122039794921875,0.0,0.0,0.0001373291015625
245,0.0,0.0,0.0205535888671875,0.278167724609375,0.357574462890625,0.127777099609375,0.2158660888671875,0.0,0.0,6.103515625e-05
246,0.0,0.0,0.0153656005859375,0.098846435546875,0.45318603515625,0.23822021484375,0.1888427734375,0.0,0.0,0.0055389404296875
247,0.0,0.0,0.0057525634765625,0.12054443359375,0.276763916015625,0.342559814453125,0.217620849609375,0.0,0.0,0.0367584228515625
248,0.0,0.0,0.011260986328125,0.3442840576171875,0.1336669921875,0.0094757080078125,0.4979248046875,0.0,0.0,0.003387451171875
249,0.0,0.0,0.00616455078125,0.2220458984375,0.3789825439453125,0.269989013671875,0.116180419921875,0.0,0.0,0.0066375732421875
25,0.0,0.0,0.00836181640625,0.1296234130859375,0.508514404296875,0.0810394287109375,0.2724609375,0.0,0.0,0.0
250,0.0,0.0,0.006439208984375,0.4818267822265625,0.23760986328125,0.0900726318359375,0.184051513671875,0.0,0.0,0.0
251,0.0,0.0,0.0449066162109375,0.39300537109375,0.2129058837890625,0.0496368408203125,0.299346923828125,0.0,0.0,0.0001983642578125
252,0.0,0.0,0.01617431640625,0.29052734375,0.3567047119140625,0.1082000732421875,0.2283935546875,0.0,0.0,0.0
253,0.0,0.0,0.0013427734375,0.1567840576171875,0.397705078125,0.19915771484375,0.2450103759765625,0.0,0.0,0.0
254,0.0,0.0,0.003448486328125,0.1858062744140625,0.4084014892578125,0.217437744140625,0.184906005859375,0.0,0.0,0.0
255,0.0,0.0,0.00140380859375,0.21978759765625,0.4570465087890625,0.0709075927734375,0.250213623046875,0.0,0.0,0.000640869140625
256,0.0,0.0,0.0024261474609375,0.369140625,0.3604888916015625,0.0286102294921875,0.2392425537109375,0.0,0.0,9.1552734375e-05
257,0.0,0.0,0.0030975341796875,0.6540069580078125,0.1396484375,0.011474609375,0.1917724609375,0.0,0.0,0.0
258,0.0,0.0,0.0084228515625,0.6323699951171875,0.1726531982421875,0.0121307373046875,0.1744232177734375,0.0,0.0,0.0
259,0.0,0.0,0.05609130859375,0.75469970703125,0.0659637451171875,0.00213623046875,0.1211090087890625,0.0,0.0,0.0
260,0.0,0.0,0.04278564453125,0.425048828125,0.0765838623046875,0.0088958740234375,0.4458160400390625,0.0,0.0,0.0008697509765625
261,0.0,0.0,0.017791748046875,0.371368408203125,0.106658935546875,0.008392333984375,0.49578857421875,0.0,0.0,0.0
262,0.0,0.0,0.011322021484375,0.2999725341796875,0.159423828125,0.011810302734375,0.5174713134765625,0.0,0.0,0.0
263,0.0,0.0,0.0086212158203125,0.2747955322265625,0.3391265869140625,0.0114898681640625,0.3659515380859375,0.0,0.0,1.52587890625e-05
265,0.0,0.0,0.0124359130859375,0.1909942626953125,0.157623291015625,0.0076141357421875,0.63043212890625,0.0,0.0,0.0009002685546875
266,0.0,0.0,0.0156402587890625,0.4394073486328125,0.1451416015625,0.010498046875,0.389312744140625,0.0,0.0,0.0
267,0.0,0.0,0.0116119384765625,0.4375457763671875,0.1855316162109375,0.016571044921875,0.3487396240234375,0.0,0.0,0.0
268,0.0,0.0,0.0068511962890625,0.5299072265625,0.08837890625,0.0325927734375,0.3422698974609375,0.0,0.0,0.0
269,0.0,0.0,0.033935546875,0.4439849853515625,0.1248931884765625,0.04034423828125,0.3538970947265625,0.0,0.0,0.0029449462890625
27,0.0,0.0,0.0178375244140625,0.1276397705078125,0.441802978515625,0.09912109375,0.3135986328125,0.0,0.0,0.0
270,0.0,0.0,0.0634765625,0.7793731689453125,0.04925537109375,0.0012664794921875,0.10662841796875,0.0,0.0,0.0
271,0.0,0.0,0.0465240478515625,0.448974609375,0.133544921875,0.021636962890625,0.3464202880859375,0.0,0.0,0.002899169921875
272,0.0,0.0,0.01837158203125,0.4239349365234375,0.1351776123046875,0.02667236328125,0.395843505859375,0.0,0.0,0.0
273,0.0,0.0,0.0045623779296875,0.4843597412109375,0.1324005126953125,0.0358428955078125,0.34283447265625,0.0,0.0,0.0
274,0.0,0.0,0.0088348388671875,0.5273284912109375,0.090972900390625,0.04119873046875,0.3316650390625,0.0,0.0,0.0
276,0.0,0.0,0.0085296630859375,0.4102783203125,0.1702880859375,0.060394287109375,0.3494110107421875,0.0,0.0,0.0010986328125
277,0.0,0.0,0.0038604736328125,0.407135009765625,0.1805267333984375,0.117706298828125,0.290069580078125,0.0,0.0,0.000701904296875
278,0.0,0.0,0.018768310546875,0.43695068359375,0.1562347412109375,0.0538177490234375,0.333160400390625,0.0,0.0,0.001068115234375
279,0.0,0.0,0.01361083984375,0.6146240234375,0.169403076171875,0.006317138671875,0.1957244873046875,0.0,0.0,0.0003204345703125
280,0.0,0.0,0.014495849609375,0.5302886962890625,0.125396728515625,0.0143280029296875,0.31549072265625,0.0,0.0,0.0
281,0.0,0.0,0.0572662353515625,0.7428741455078125,0.065032958984375,0.0,0.13482666015625,0.0,0.0,0.0
282,0.0,0.0,0.0225372314453125,0.3765411376953125,0.30438232421875,0.028045654296875,0.2684783935546875,0.0,0.0,1.52587890625e-05
283,0.0,0.0,0.0347747802734375,0.2868194580078125,0.3013153076171875,0.0512847900390625,0.3236541748046875,0.0,0.0,0.0021514892578125
285,0.0,0.0,0.0015869140625,0.1557464599609375,0.440032958984375,0.0410919189453125,0.361541748046875,0.0,0.0,0.0
286,0.0,0.0,0.0024566650390625,0.20806884765625,0.5662841796875,0.0318145751953125,0.1904754638671875,0.0,0.0,0.0009002685546875
287,0.0,0.0,0.00372314453125,0.092498779296875,0.69769287109375,0.0459747314453125,0.1587066650390625,0.0,0.0,0.00140380859375
288,0.0,0.0,0.001708984375,0.1866455078125,0.5440521240234375,0.0829620361328125,0.183563232421875,0.0,0.0,0.001068115234375
29,0.0,0.0,0.00537109375,0.097808837890625,0.4256134033203125,0.230133056640625,0.240753173828125,0.0,0.0,0.0003204345703125
290,0.0,0.0,0.0033721923828125,0.092071533203125,0.38067626953125,0.163970947265625,0.3579864501953125,0.0,0.0,0.001922607421875
291,0.0,0.0,0.0046234130859375,0.1103973388671875,0.3323822021484375,0.2723541259765625,0.2765350341796875,0.0,0.0,0.0037078857421875
292,0.0,0.0,0.0469512939453125,0.6132659912109375,0.1688690185546875,0.00079345703125,0.1701202392578125,0.0,0.0,0.0
293,0.0,0.0,0.0030975341796875,0.246002197265625,0.2690887451171875,0.2569122314453125,0.2248992919921875,0.0,0.0,0.0
295,0.0,0.0,0.0077362060546875,0.280120849609375,0.3752593994140625,0.077545166015625,0.25933837890625,0.0,0.0,0.0
296,0.0,0.0,0.002655029296875,0.190826416015625,0.515106201171875,0.0716094970703125,0.2198028564453125,0.0,0.0,0.0
297,0.0,0.0,0.001190185546875,0.13482666015625,0.546600341796875,0.126312255859375,0.191070556640625,0.0,0.0,0.0
298,0.0,0.0,0.00146484375,0.14031982421875,0.4463653564453125,0.21478271484375,0.1970672607421875,0.0,0.0,0.0
299,0.0,0.0,0.003265380859375,0.1907196044921875,0.3955230712890625,0.2430419921875,0.1637420654296875,0.0,0.0,0.0037078857421875
3,0.0,0.0,0.050689697265625,0.5992431640625,0.0687408447265625,9.1552734375e-05,0.2812347412109375,0.0,0.0,0.0
30,0.0,0.0,0.001617431640625,0.05364990234375,0.3856658935546875,0.44952392578125,0.1095428466796875,0.0,0.0,0.0
300,0.0,0.0,0.0039215087890625,0.2386474609375,0.46600341796875,0.0402069091796875,0.2486114501953125,0.0,0.0,0.0026092529296875
301,0.0,0.0,0.0058441162109375,0.490631103515625,0.259735107421875,0.0149383544921875,0.228851318359375,0.0,0.0,0.0
302,0.0,0.0,0.008697509765625,0.3514862060546875,0.4068145751953125,0.0093994140625,0.223602294921875,0.0,0.0,0.0
303,0.0,0.0,0.0744476318359375,0.5784149169921875,0.2288360595703125,0.0007171630859375,0.117584228515625,0.0,0.0,0.0
304,0.0,0.0,0.0140380859375,0.2370758056640625,0.530914306640625,0.0102996826171875,0.207672119140625,0.0,0.0,0.0
307,0.0,0.0,0.00787353515625,0.485443115234375,0.146484375,0.006134033203125,0.353729248046875,0.0,0.0,0.000335693359375
308,0.0,0.0,0.0062713623046875,0.6696014404296875,0.13153076171875,0.0020751953125,0.190093994140625,0.0,0.0,0.00042724609375
309,0.0,0.0,0.0157928466796875,0.6229400634765625,0.1076812744140625,0.0042572021484375,0.24932861328125,0.0,0.0,0.0
31,0.0,0.0,0.0033416748046875,0.06103515625,0.367584228515625,0.42236328125,0.1454010009765625,0.0,0.0,0.000274658203125
310,0.0,0.0,0.014404296875,0.4666748046875,0.1972808837890625,0.0044708251953125,0.3163299560546875,0.0,0.0,0.0008392333984375
311,0.0,0.0,0.0128631591796875,0.6479034423828125,0.1378326416015625,0.00091552734375,0.2001800537109375,0.0,0.0,0.00030517578125
313,0.0,0.0,0.016357421875,0.2460174560546875,0.1607818603515625,0.018829345703125,0.558013916015625,0.0,0.0,0.0
314,0.0,0.0,0.0432891845703125,0.6843719482421875,0.126220703125,0.0005645751953125,0.1455535888671875,0.0,0.0,0.0
315,0.0,0.0,0.195343017578125,0.1687164306640625,0.0911865234375,0.0120086669921875,0.532745361328125,0.0,0.0,0.0
316,0.0,0.0,0.1857757568359375,0.2456207275390625,0.064788818359375,0.010498046875,0.493316650390625,0.0,0.0,0.0
317,0.0,0.0,0.030303955078125,0.343505859375,0.07342529296875,0.012786865234375,0.53997802734375,0.0,0.0,0.0
318,0.0,0.0,0.011932373046875,0.3251495361328125,0.126739501953125,0.015777587890625,0.5197296142578125,0.0,0.0,0.00067138671875
319,0.0,0.0,0.0098419189453125,0.41766357421875,0.1290740966796875,0.01605224609375,0.427001953125,0.0,0.0,0.0003662109375
32,0.0,0.0,0.0092010498046875,0.448394775390625,0.203125,0.012054443359375,0.324005126953125,0.0,0.0,0.0032196044921875
320,0.0,0.0,0.021209716796875,0.416656494140625,0.1394195556640625,0.0284576416015625,0.39373779296875,0.0,0.0,0.000518798828125
321,0.0,0.0,0.0111083984375,0.311767578125,0.1598052978515625,0.0256805419921875,0.49163818359375,0.0,0.0,0.0
322,0.0,0.0,0.0054473876953125,0.3704071044921875,0.2216339111328125,0.021392822265625,0.3806304931640625,0.0,0.0,0.00048828125
323,0.0,0.0,0.0137939453125,0.4495391845703125,0.243255615234375,0.035125732421875,0.2560577392578125,0.0,0.0,0.002227783203125
324,0.0,0.0,0.075347900390625,0.33349609375,0.22247314453125,0.035308837890625,0.3318634033203125,0.0,0.0,0.0015106201171875
325,0.0,0.0,0.0389556884765625,0.45318603515625,0.390899658203125,9.1552734375e-05,0.1168670654296875,0.0,0.0,0.0
326,0.0,0.0,0.078216552734375,0.376068115234375,0.1519622802734375,0.0179290771484375,0.375823974609375,0.0,0.0,0.0
327,0.0,0.0,0.0197601318359375,0.469757080078125,0.28924560546875,0.006317138671875,0.2149200439453125,0.0,0.0,0.0
329,0.0,0.0,0.0012664794921875,0.2940673828125,0.4150848388671875,0.0312652587890625,0.2583160400390625,0.0,0.0,0.0
33,0.0,0.0,0.0065155029296875,0.5592803955078125,0.1741485595703125,0.0359954833984375,0.2226715087890625,0.0,0.0,0.0013885498046875
330,0.0,0.0,0.002105712890625,0.1880645751953125,0.501495361328125,0.0399322509765625,0.268402099609375,0.0,0.0,0.0
331,0.0,0.0,0.0003204345703125,0.232696533203125,0.5788116455078125,0.04925537109375,0.137451171875,0.0,0.0,0.00146484375
333,0.0,0.0,0.0010833740234375,0.1154022216796875,0.58154296875,0.1541595458984375,0.1469573974609375,0.0,0.0,0.0008544921875
334,0.0,0.0,0.0010833740234375,0.0425567626953125,0.6805419921875,0.1302032470703125,0.145263671875,0.0,0.0,0.0003509521484375
335,0.0,0.0,0.0007781982421875,0.023193359375,0.62811279296875,0.1488037109375,0.1975555419921875,0.0,0.0,0.001556396484375
336,0.0,0.0,0.022247314453125,0.3697052001953125,0.3823394775390625,0.01141357421875,0.21429443359375,0.0,0.0,0.0
337,0.0,0.0,0.0035247802734375,0.0475921630859375,0.8360748291015625,0.0329437255859375,0.079864501953125,0.0,0.0,0.0
338,0.0,0.0,0.03271484375,0.117950439453125,0.506317138671875,0.084930419921875,0.2573089599609375,0.0,0.0,0.0007781982421875
339,0.0,0.0,0.0308074951171875,0.1693878173828125,0.3427886962890625,0.120452880859375,0.3344879150390625,0.0,0.0,0.0020751953125
34,0.0,0.0,0.0017547607421875,0.33392333984375,0.387542724609375,0.05535888671875,0.2214202880859375,0.0,0.0,0.0
340,0.0,0.0,0.005584716796875,0.1421356201171875,0.5167694091796875,0.08154296875,0.2509307861328125,0.0,0.0,0.0030364990234375
342,0.0,0.0,0.005157470703125,0.12481689453125,0.567840576171875,0.0498809814453125,0.2522430419921875,0.0,0.0,6.103515625e-05
343,0.0,0.0,0.00408935546875,0.459228515625,0.3430633544921875,0.0242919921875,0.1693267822265625,0.0,0.0,0.0
344,0.0,0.0,0.013336181640625,0.58087158203125,0.12188720703125,0.0514373779296875,0.2322235107421875,0.0,0.0,0.000244140625
345,0.0,0.0,0.0032501220703125,0.20379638671875,0.4446258544921875,0.185546875,0.1566162109375,0.0,0.0,0.00616455078125
346,0.0,0.0,0.0053863525390625,0.112640380859375,0.5192413330078125,0.179046630859375,0.180938720703125,0.0,0.0,0.00274658203125
347,0.0,0.0,0.0040130615234375,0.191253662109375,0.4034271240234375,0.175994873046875,0.225311279296875,0.0,0.0,0.0
348,0.0,0.0,0.00030517578125,0.000640869140625,0.9793243408203125,0.01702880859375,0.0027008056640625,0.0,0.0,0.0
349,0.0,0.0,0.0041656494140625,0.258819580078125,0.48358154296875,0.0240020751953125,0.22943115234375,0.0,0.0,0.0
350,0.0,0.0,0.005462646484375,0.248046875,0.5433502197265625,0.0236968994140625,0.179443359375,0.0,0.0,0.0
351,0.0,0.0,0.00653076171875,0.254638671875,0.230560302734375,0.003753662109375,0.5045166015625,0.0,0.0,0.0
352,0.0,0.0,0.0053253173828125,0.3847808837890625,0.2923583984375,0.0053863525390625,0.3114776611328125,0.0,0.0,0.00067138671875
353,0.0,0.0,0.009368896484375,0.6085357666015625,0.1261444091796875,0.00396728515625,0.251922607421875,0.0,0.0,6.103515625e-05
354,0.0,0.0,0.0068206787109375,0.7547760009765625,0.068206787109375,0.0031585693359375,0.1667327880859375,0.0,0.0,0.00030517578125
355,0.0,0.0,0.0181884765625,0.7076263427734375,0.0411834716796875,0.0009765625,0.231658935546875,0.0,0.0,0.0003662109375
356,0.0,0.0,0.013214111328125,0.72845458984375,0.064178466796875,0.001312255859375,0.192840576171875,0.0,0.0,0.0
357,0.0,0.0,0.0158538818359375,0.5965423583984375,0.109649658203125,0.0107574462890625,0.2667388916015625,0.0,0.0,0.000457763671875
358,0.0,0.0,0.0121307373046875,0.7161102294921875,0.0945892333984375,0.01580810546875,0.1613616943359375,0.0,0.0,0.0
359,0.0,0.0,0.0283355712890625,0.202484130859375,0.6361541748046875,0.01416015625,0.118865966796875,0.0,0.0,0.0
36,0.0,0.0,0.0172576904296875,0.6136474609375,0.1236572265625,0.0126495361328125,0.2327728271484375,0.0,0.0,1.52587890625e-05
360,0.0,0.0,0.0235748291015625,0.557525634765625,0.0834503173828125,0.0022125244140625,0.3332366943359375,0.0,0.0,0.0
362,0.0,0.0,0.086151123046875,0.4392852783203125,0.058624267578125,0.0023193359375,0.4128570556640625,0.0,0.0,0.000762939453125
363,0.0,0.0,0.0181121826171875,0.4317626953125,0.11712646484375,0.0040740966796875,0.428436279296875,0.0,0.0,0.00048828125
364,0.0,0.0,0.0084686279296875,0.3272552490234375,0.1544647216796875,0.014617919921875,0.4951934814453125,0.0,0.0,0.0
365,0.0,0.0,0.00811767578125,0.51580810546875,0.1507568359375,0.0097198486328125,0.3147125244140625,0.0,0.0,0.000885009765625
366,0.0,0.0,0.01495361328125,0.49755859375,0.2260589599609375,0.0291748046875,0.2318572998046875,0.0,0.0,0.000396728515625
367,0.0,0.0,0.0108184814453125,0.4366455078125,0.2346038818359375,0.0253143310546875,0.2926177978515625,0.0,0.0,0.0
368,0.0,0.0,0.010009765625,0.4107208251953125,0.309173583984375,0.019805908203125,0.2489776611328125,0.0,0.0,0.001312255859375
369,0.0,0.0,0.0020904541015625,0.4715423583984375,0.2526702880859375,0.0755462646484375,0.196258544921875,0.0,0.0,0.00189208984375
370,0.0,0.0,0.09136962890625,0.366424560546875,0.2274627685546875,0.0064849853515625,0.308258056640625,0.0,0.0,0.0
372,0.0,0.0,0.0030975341796875,0.624237060546875,0.1147003173828125,0.0382080078125,0.218780517578125,0.0,0.0,0.0009765625
373,0.0,0.0,0.0019378662109375,0.7076568603515625,0.120758056640625,0.053466796875,0.116180419921875,0.0,0.0,0.0
374,0.0,0.0,0.0023193359375,0.4908905029296875,0.3197021484375,0.0139312744140625,0.17315673828125,0.0,0.0,0.0
375,0.0,0.0,0.0155487060546875,0.417877197265625,0.34100341796875,0.0200042724609375,0.20556640625,0.0,0.0,0.0
376,0.0,0.0,0.0075836181640625,0.3133392333984375,0.4683837890625,0.025543212890625,0.185150146484375,0.0,0.0,0.0
377,0.0,0.0,0.007476806640625,0.3174896240234375,0.449737548828125,0.0487213134765625,0.1757965087890625,0.0,0.0,0.0007781982421875
378,0.0,0.0,0.011932373046875,0.5274658203125,0.230804443359375,0.03515625,0.1943511962890625,0.0,0.0,0.0002899169921875
379,0.0,0.0,0.003997802734375,0.201568603515625,0.514984130859375,0.1315155029296875,0.147552490234375,0.0,0.0,0.0003814697265625
38,0.0,0.0,0.0123748779296875,0.6986541748046875,0.063262939453125,0.0059814453125,0.2124786376953125,0.0,0.0,0.0072479248046875
380,0.0,0.0,0.001373291015625,0.05157470703125,0.7594451904296875,0.051177978515625,0.1357269287109375,0.0,0.0,0.000701904296875
381,0.0,0.0,0.0834197998046875,0.4017791748046875,0.1765289306640625,0.000518798828125,0.3377532958984375,0.0,0.0,0.0
382,0.0,0.0,0.000579833984375,0.0264892578125,0.7370147705078125,0.088897705078125,0.143341064453125,0.0,0.0,0.0036773681640625
383,0.0,0.0,0.0470123291015625,0.1477813720703125,0.4401397705078125,0.074920654296875,0.28656005859375,0.0,0.0,0.0035858154296875
384,0.0,0.0,0.0402679443359375,0.09716796875,0.501312255859375,0.0853729248046875,0.27587890625,0.0,0.0,0.0
385,0.0,0.0,0.01141357421875,0.0927581787109375,0.6252288818359375,0.051513671875,0.219085693359375,0.0,0.0,0.0
386,0.0,0.0,0.0116424560546875,0.0985870361328125,0.5430755615234375,0.09088134765625,0.25567626953125,0.0,0.0,0.0001373291015625
387,0.0,0.0,0.0037841796875,0.0830078125,0.5998077392578125,0.096099853515625,0.215850830078125,0.0,0.0,0.0014495849609375
388,0.0,0.0,0.005126953125,0.27740478515625,0.4999237060546875,0.0575714111328125,0.158721923828125,0.0,0.0,0.001251220703125
389,0.0,0.0,0.0073699951171875,0.2812957763671875,0.3316497802734375,0.1344451904296875,0.2446441650390625,0.0,0.0,0.0005950927734375
39,0.0,0.0,0.008331298828125,0.77252197265625,0.038787841796875,0.0036773681640625,0.1766815185546875,0.0,0.0,0.0
390,0.0,0.0,0.00201416015625,0.0482330322265625,0.4240264892578125,0.4159088134765625,0.1098175048828125,0.0,0.0,0.0
391,0.0,0.0,0.008575439453125,0.0395050048828125,0.484283447265625,0.294036865234375,0.1735992431640625,0.0,0.0,0.0
392,0.0,0.0,0.307220458984375,0.2674407958984375,0.1008453369140625,0.008697509765625,0.3157958984375,0.0,0.0,0.0
393,0.0,0.0,0.0026092529296875,0.10858154296875,0.4432220458984375,0.2011260986328125,0.2444610595703125,0.0,0.0,0.0
394,0.0,0.0,0.004791259765625,0.2527618408203125,0.47735595703125,0.07257080078125,0.1925201416015625,0.0,0.0,0.0
395,0.0,0.0,0.0113372802734375,0.2564697265625,0.472198486328125,0.0596466064453125,0.200347900390625,0.0,0.0,0.0
396,0.0,0.0,0.00836181640625,0.344818115234375,0.2496795654296875,0.0123748779296875,0.3833770751953125,0.0,0.0,0.0013885498046875
397,0.0,0.0,0.00946044921875,0.18768310546875,0.466705322265625,0.05731201171875,0.2774200439453125,0.0,0.0,0.0014190673828125
398,0.0,0.0,0.017303466796875,0.2517242431640625,0.2883758544921875,0.077850341796875,0.36468505859375,0.0,0.0,6.103515625e-05
399,0.0,0.0,0.0025787353515625,0.3179779052734375,0.273284912109375,0.046478271484375,0.3580474853515625,0.0,0.0,0.0016326904296875
4,0.0,0.0,0.011138916015625,0.11260986328125,0.483306884765625,0.027008056640625,0.3648834228515625,0.0,0.0,0.0010528564453125
40,0.0,0.0,0.0028533935546875,0.7143707275390625,0.1291351318359375,0.0077362060546875,0.145843505859375,0.0,0.0,6.103515625e-05
400,0.0,0.0,0.0138702392578125,0.46795654296875,0.140380859375,0.008453369140625,0.367889404296875,0.0,0.0,0.0014495849609375
401,0.0,0.0,0.008026123046875,0.7615509033203125,0.072418212890625,0.0235443115234375,0.1342926025390625,0.0,0.0,0.0001678466796875
402,0.0,0.0,0.023101806640625,0.4743804931640625,0.2064361572265625,0.04864501953125,0.2474365234375,0.0,0.0,0.0
403,0.0,0.0,0.0724029541015625,0.422088623046875,0.113494873046875,0.000701904296875,0.3913116455078125,0.0,0.0,0.0
404,0.0,0.0,0.021453857421875,0.4977569580078125,0.2242431640625,0.024810791015625,0.2314605712890625,0.0,0.0,0.000274658203125
405,0.0,0.0,0.012054443359375,0.6583099365234375,0.109619140625,0.0111541748046875,0.2047882080078125,0.0,0.0,0.0040740966796875
406,0.0,0.0,0.0170135498046875,0.4446563720703125,0.16680908203125,0.016265869140625,0.3531341552734375,0.0,0.0,0.0021209716796875
407,0.0,0.0,0.0161590576171875,0.5544586181640625,0.1789703369140625,0.0139007568359375,0.2354278564453125,0.0,0.0,0.0010833740234375
408,0.0,0.0,0.0194549560546875,0.5228118896484375,0.182281494140625,0.0210113525390625,0.2514495849609375,0.0,0.0,0.00299072265625
41,0.0,0.0,0.0048065185546875,0.630767822265625,0.147735595703125,0.009033203125,0.20745849609375,0.0,0.0,0.0001983642578125
410,0.0,0.0,0.0073394775390625,0.348114013671875,0.2070465087890625,0.0129241943359375,0.4245758056640625,0.0,0.0,0.0
411,0.0,0.0,0.006591796875,0.401702880859375,0.19891357421875,0.0547943115234375,0.33660888671875,0.0,0.0,0.0013885498046875
412,0.0,0.0,0.002288818359375,0.4235992431640625,0.189453125,0.1078033447265625,0.274139404296875,0.0,0.0,0.002716064453125
413,0.0,0.0,0.00213623046875,0.4521331787109375,0.2533721923828125,0.0301055908203125,0.2619476318359375,0.0,0.0,0.00030517578125
414,0.0,0.0,0.020965576171875,0.3273468017578125,0.2041473388671875,0.0088653564453125,0.4386749267578125,0.0,0.0,0.0
42,0.0,0.0,0.0111236572265625,0.7090606689453125,0.146087646484375,0.010162353515625,0.122802734375,0.0,0.0,0.000762939453125
43,0.0,0.0,0.018951416015625,0.656890869140625,0.1336822509765625,0.0072784423828125,0.1830596923828125,0.0,0.0,0.0001373291015625
44,0.0,0.0,0.0452117919921875,0.650238037109375,0.0615234375,0.0062713623046875,0.233367919921875,0.0,0.0,0.003387451171875
45,0.0,0.0,0.0060882568359375,0.731109619140625,0.0863037109375,0.0009613037109375,0.1751251220703125,0.0,0.0,0.0004119873046875
46,0.0,0.0,0.00018310546875,0.3091278076171875,0.5874176025390625,0.0016021728515625,0.1016693115234375,0.0,0.0,0.0
48,0.0,0.0,0.016387939453125,0.25408935546875,0.323944091796875,0.0113372802734375,0.3891754150390625,0.0,0.0,0.00506591796875
49,0.0,0.0,0.0374908447265625,0.3727569580078125,0.33221435546875,0.000579833984375,0.2553558349609375,0.0,0.0,0.0016021728515625
5,0.0,0.0,0.0234222412109375,0.2881927490234375,0.4467010498046875,0.005401611328125,0.2355194091796875,0.0,0.0,0.000762939453125
50,0.0,0.0,0.0258026123046875,0.439361572265625,0.2913818359375,0.00543212890625,0.2357025146484375,0.0,0.0,0.0023193359375
51,0.0,0.0,0.0049591064453125,0.3202667236328125,0.43115234375,0.0031585693359375,0.23980712890625,0.0,0.0,0.0006561279296875
52,0.0,0.0,0.006866455078125,0.2894439697265625,0.4579010009765625,0.00445556640625,0.2394561767578125,0.0,0.0,0.0018768310546875
53,0.0,0.0,0.00213623046875,0.2002105712890625,0.5514068603515625,0.002716064453125,0.2432403564453125,0.0,0.0,0.0002899169921875
54,0.0,0.0,0.00250244140625,0.0994720458984375,0.5951080322265625,0.007080078125,0.29583740234375,0.0,0.0,0.0
55,0.0,0.0,0.00823974609375,0.1788482666015625,0.629180908203125,0.003143310546875,0.1805572509765625,0.0,0.0,3.0517578125e-05
56,0.0,0.0,0.004486083984375,0.1479644775390625,0.597625732421875,0.0017852783203125,0.2469635009765625,0.0,0.0,0.0011749267578125
57,0.0,0.0,0.0002899169921875,0.1188507080078125,0.7492218017578125,0.0164642333984375,0.114715576171875,0.0,0.0,0.000457763671875
58,0.0,0.0,0.0062255859375,0.23614501953125,0.474029541015625,0.0198516845703125,0.2637481689453125,0.0,0.0,0.0
59,0.0,0.0,0.0107421875,0.2602081298828125,0.3080291748046875,0.02117919921875,0.3980712890625,0.0,0.0,0.00177001953125
60,0.0,0.0,0.0003509521484375,0.0841217041015625,0.7700042724609375,0.041473388671875,0.10357666015625,0.0,0.0,0.0004730224609375
61,0.0,0.0,0.0033721923828125,0.1094818115234375,0.6536712646484375,0.0771331787109375,0.15350341796875,0.0,0.0,0.002838134765625
62,0.0,0.0,0.0902557373046875,0.17364501953125,0.419281005859375,0.034210205078125,0.2803802490234375,0.0,0.0,0.002227783203125
63,0.0,0.0,0.1168365478515625,0.2376251220703125,0.3553619384765625,0.022613525390625,0.267425537109375,0.0,0.0,0.0001373291015625
64,0.0,0.0,0.01251220703125,0.2086334228515625,0.462646484375,0.035400390625,0.2808074951171875,0.0,0.0,0.0
66,0.0,0.0,0.0175323486328125,0.1969146728515625,0.60394287109375,0.0250396728515625,0.1565704345703125,0.0,0.0,0.0
67,0.0,0.0,0.0052337646484375,0.2259674072265625,0.5825653076171875,0.035491943359375,0.1507415771484375,0.0,0.0,0.0
68,0.0,0.0,0.0093536376953125,0.1528778076171875,0.59222412109375,0.0498809814453125,0.1956634521484375,0.0,0.0,0.0
69,0.0,0.0,0.008819580078125,0.12762451171875,0.5058746337890625,0.135101318359375,0.2225799560546875,0.0,0.0,0.0
7,0.0,0.0,0.00177001953125,0.2815704345703125,0.6133880615234375,0.003021240234375,0.100250244140625,0.0,0.0,0.0
70,0.0,0.0,0.01287841796875,0.18780517578125,0.2393646240234375,0.0734710693359375,0.4862213134765625,0.0,0.0,0.0002593994140625
71,0.0,0.0,0.0017852783203125,0.1118927001953125,0.4208221435546875,0.225677490234375,0.2398223876953125,0.0,0.0,0.0
72,0.0,0.0,0.0029449462890625,0.1255035400390625,0.4842071533203125,0.1137847900390625,0.2735595703125,0.0,0.0,0.0
74,0.0,0.0,0.001251220703125,0.088714599609375,0.500152587890625,0.240875244140625,0.16900634765625,0.0,0.0,0.0
75,0.0,0.0,0.0007781982421875,0.0702972412109375,0.474090576171875,0.3376312255859375,0.1172027587890625,0.0,0.0,0.0
76,0.0,0.0,0.0055084228515625,0.130767822265625,0.4142913818359375,0.3240509033203125,0.1253814697265625,0.0,0.0,0.0
77,0.0,0.0,0.0164947509765625,0.5076904296875,0.28167724609375,0.0440521240234375,0.146087646484375,0.0,0.0,0.003997802734375
78,0.0,0.0,0.0121917724609375,0.38592529296875,0.2769317626953125,0.044769287109375,0.2720489501953125,0.0,0.0,0.0081329345703125
79,0.0,0.0,0.0182952880859375,0.656097412109375,0.1405029296875,0.018829345703125,0.15960693359375,0.0,0.0,0.0066680908203125
8,0.0,0.0,0.0018463134765625,0.136627197265625,0.6669158935546875,0.0009765625,0.192840576171875,0.0,0.0,0.00079345703125
80,0.0,0.0,0.01446533203125,0.66754150390625,0.1436920166015625,0.0225372314453125,0.1492919921875,0.0,0.0,0.002471923828125
81,0.0,0.0,0.005584716796875,0.2017669677734375,0.275787353515625,0.0516510009765625,0.45758056640625,0.0,0.0,0.00762939453125
82,0.0,0.0,0.0224761962890625,0.726043701171875,0.073486328125,0.00885009765625,0.168426513671875,0.0,0.0,0.0007171630859375
83,0.0,0.0,0.005340576171875,0.697906494140625,0.0906982421875,0.0068511962890625,0.19854736328125,0.0,0.0,0.0006561279296875
84,0.0,0.0,0.0028228759765625,0.74615478515625,0.06536865234375,0.01141357421875,0.1742401123046875,0.0,0.0,0.0
85,0.0,0.0,0.0030670166015625,0.553497314453125,0.159759521484375,0.0177154541015625,0.2646484375,0.0,0.0,0.001312255859375
86,0.0,0.0,0.00640869140625,0.5564727783203125,0.1466522216796875,0.0091094970703125,0.2812957763671875,0.0,0.0,6.103515625e-05
87,0.0,0.0,0.0070343017578125,0.636749267578125,0.1439056396484375,0.0128021240234375,0.1986236572265625,0.0,0.0,0.000885009765625
89,0.0,0.0,0.03582763671875,0.65350341796875,0.0942840576171875,0.007293701171875,0.2090911865234375,0.0,0.0,0.0
9,0.0,0.0,0.002410888671875,0.209808349609375,0.544189453125,0.0051116943359375,0.2373809814453125,0.0,0.0,0.0010986328125
90,0.0,0.0,0.007843017578125,0.6992950439453125,0.1356964111328125,0.0173797607421875,0.1397857666015625,0.0,0.0,0.0
91,0.0,0.0,0.00885009765625,0.540008544921875,0.2165069580078125,0.0135650634765625,0.2210693359375,0.0,0.0,0.0
92,0.0,0.0,0.0032806396484375,0.0863494873046875,0.4226226806640625,0.0287628173828125,0.44696044921875,0.0,0.0,0.01202392578125
93,0.0,0.0,0.038909912109375,0.1576080322265625,0.5280609130859375,0.0081329345703125,0.2668304443359375,0.0,0.0,0.000457763671875
94,0.0,0.0,0.065887451171875,0.2643890380859375,0.3820037841796875,0.006256103515625,0.2791900634765625,0.0,0.0,0.0022735595703125
95,0.0,0.0,0.013885498046875,0.35980224609375,0.4078521728515625,0.0049591064453125,0.2123260498046875,0.0,0.0,0.0011749267578125
96,0.0,0.0,0.0077972412109375,0.3099517822265625,0.4378662109375,0.0042266845703125,0.2401580810546875,0.0,0.0,0.0
98,0.0,0.0,0.0052642822265625,0.42254638671875,0.287506103515625,0.00360107421875,0.2802734375,0.0,0.0,0.0008087158203125
99,0.0,0.0,0.0004425048828125,0.1953277587890625,0.5263519287109375,0.0142669677734375,0.260467529296875,0.0,0.0,0.003143310546875
